epsilon,tracs_d,strawman,tracs_c
2,0.1270887963500607,0.10351239167976341,0.119463768658063
4,0.09277180374259311,0.08724897002097201,0.0906636041997291
6,0.06850058334274388,0.07436359486359545,0.0648595993800323
8,0.05310669575879309,0.0642640565151423,0.04269773436134379
10,0.03850885993262286,0.05505139521009812,0.027377579526505474
