epsilon,tracs_d,strawman,tracs_c
2,0.2659757692591315,0.18409979838894353,0.17497008432864558
4,0.190183073676318,0.16175919938819336,0.12431326147773264
6,0.12701981751252384,0.15136531736491413,0.08556189571864403
8,0.08605861794857436,0.14202849653264718,0.05394939682493401
10,0.06322741628971978,0.1350278159924862,0.035084089063848765
