epsilon,tracs_d,strawman,tracs_c
2,3.023800492266681,2.46799843917905,2.5834489801037637
4,2.350194422141349,2.218499554505326,1.8009113448418121
6,1.7616805857299223,2.0893445616482023,1.212368330718451
8,1.2475547424391504,2.016151364798966,0.7955436618514458
10,0.9003351621310152,1.9727671371991946,0.5024597677183013
