epsilon,tracs_d,strawman,tracs_c
2,5.142401073672741,4.052174223983875,4.633672854152076
4,4.071186640900475,3.681216604002266,3.642690840492485
6,3.1626824757931544,3.422717685471638,2.7971488878417343
8,2.5391494621536332,3.2787792215949967,2.1737560668505815
10,2.0917248861138598,3.131271687635469,1.6489330402059392
