epsilon,tp,ngram,tracs_d,tracs_c
2,0.086558254,0.102550886,0.167594402,0.155419424
4,0.079500009,0.090403255,0.119677798,0.11125969
6,0.077624038,0.079539746,0.086633271,0.078771179
8,0.072197464,0.07247622,0.066914113,0.051867556
10,0.069133067,0.065266541,0.055855467,0.033111099
