epsilon,tp,ngram,srr,tracs_d,tracs_c
26,0.116459336,0.082142948,0.143991368,0.10419143,0.088747396
52,0.078010737,0.060941249,0.130436919,0.062808306,0.05892344
78,0.061479368,0.046690468,0.123937373,0.044205148,0.041108002
104,0.049726422,0.040877245,0.113573215,0.035353247,0.033597863
130,0.045059222,0.034749184,0.105207138,0.028200187,0.027142237
