epsilon,tp,ngram,tracs_d,tracs_c
2,0.40319179302659185,0.3923809178449275,0.4498418357665873,0.3929045168609765
4,0.37761462630985465,0.344436917954811,0.3285459418874095,0.295575964393825
6,0.35396024179016145,0.2997043152151024,0.23434638512892467,0.20129214397507691
8,0.33396938401239373,0.2569615531509729,0.1820771463320191,0.1522998785145938
10,0.328384140519478,0.22055734184499973,0.16309815215428064,0.13057445592737252
