epsilon,tp,ngram,lsrr,tracs_d,tracs_c
226,0.078870783,0.090250702,0.097982899,0.100929273,0.096963779
452,0.069213489,0.075337501,0.09431237,0.062267149,0.059362025
678,0.062298347,0.067210414,0.09497948,0.043719577,0.03728315
904,0.060352893,0.059339397,0.095116131,0.032294364,0.020560095
1130,0.054597704,0.05254234,0.093990841,0.024051823,0.011450662
