epsilon,tp,ngram,tracs_d,tracs_c
2,0.153946636,0.139170258,0.242210878,0.164690066
4,0.152301136,0.121885676,0.177167371,0.120384774
6,0.146123264,0.099584081,0.113743955,0.077986579
8,0.13354341,0.082700696,0.069726472,0.049960641
10,0.130976756,0.064301256,0.047752352,0.032058714

