epsilon,tp,ngram,tracs_d,tracs_c
2,0.086558254,0.102550886,0.167594402,0.155419424
4,0.079500009,0.090403255,0.119677798,0.11125969
6,0.077624038,0.079539746,0.086633271,0.078771179
8,0.072197464,0.07247622,0.066914113,0.051867556
10,0.069133067,0.065266541,0.055855467,0.033111099
tp,ngram,tracs_d,tracs_c
0.07669577332366333, 0.08947976826082751, 0.16805197831316365, 0.15740410559969628
tp,ngram,tracs_d,tracs_c
0.0770059869365916, 0.09372699230772732, 0.1927698527512895, 0.17832287618816553
tp,ngram,tracs_d,tracs_c
0.0904099110920504, 0.11582269228637959, 0.2212629482532344, 0.17888098926948104
tp,ngram,tracs_d,tracs_c
0.09001409735974328, 0.10705344739845915, 0.19275648367998402, 0.17361955113526442
