epsilon,tp,ngram,tracs_d,tracs_c

1
tp,ngram,tracs_d,tracs_c
0.08436486264613524, 0.10727085086149828, 0.19458201988541227, 0.17877942155582263
