epsilon,tp,ngram,tracs_d,tracs_c
2,0.4055601250072958,0.3943233850868137,0.45814458994919975,0.40108576888711625
4,0.37083804257511746,0.3383116452637682,0.3377899699185852,0.2929124464697571
6,0.3526649498005367,0.30163074532581834,0.24874694866797827,0.20431025229973518
8,0.34721048863577554,0.2585650814754226,0.18135974042228345,0.13616385202459596
10,0.3346218319939061,0.227679865449003,0.12774754789162462,0.07988690595697885
