epsilon,tp,ngram,srr,tracs_d,tracs_c
2,0.149958599,0.144848597,0.149898727,0.227475712,0.164812569
4,0.145720823,0.134363241,0.138647074,0.155957916,0.118301781
6,0.141397867,0.115424634,0.135971321,0.105023395,0.079763279
8,0.136138067,0.100913323,0.129550974,0.07961625,0.051039011
10,0.13414197,0.090717566,0.125846882,0.053628636,0.033094737
